x_0,x_1,y
1.7993353992343897,-0.05749055952476,1
0.6839040990771255,-0.3613737906385385,1
1.3264970377629113,-0.4738613581545303,1
0.5423954329865082,0.783154839932526,0
1.690010445355827,-0.374063019683677,1
-0.8939458190489277,0.2371699427432629,0
0.3861919979032989,-0.3393417519678172,1
0.7166080105249599,0.727367472715244,0
1.2784429922027885,-0.2873670240407737,1
-0.9551905346370592,0.4773001372909162,0
1.1125634175507937,-0.5853284606293567,1
0.0380142432934223,0.2153852795910529,1
-0.0664437875158174,-0.0857339502498953,1
0.078003423751355,-0.0090931713326416,1
-1.2104250824670424,0.0611296205955844,0
0.0339268220280328,0.6566684022780326,1
0.8676928936949915,0.2337979051045536,0
0.8600249312583204,0.0696481177888524,0
-0.1616150011797152,0.7395293315165028,0
0.8950189888512095,0.3958642862819889,0
0.2337873176828367,-0.0798574436753341,1
1.347900747701567,-0.4567722004472974,1
0.8481300420539662,0.7698794700615545,0
1.7722352446637852,-0.2796097350662476,1
-0.621588197325184,0.9092139950909088,0
-0.9122228069182344,0.1373395681613094,0
-0.0225984145513709,0.1452906733050352,1
-0.7549764671509807,0.5356716958191102,0
0.3751487345139574,0.9198450393539416,0
1.359017001759342,-0.5395502680405155,1
0.4061719217997024,1.016761088413463,0
-0.1132753628641717,0.9729824921354716,0
-0.0293561276312138,0.3504664373337919,1
0.2168352577461924,0.4777842200911572,1
-0.6650018530666701,0.4823851624786929,0
2.01348403478116,0.3695329636839528,1
1.1200981206837484,0.1371658434585784,0
1.5005624501765826,-0.2946407665423212,1
-0.9764928559558628,0.237577650737124,0
0.2106375552119637,-0.1970381701522915,1
-0.4357793224890403,0.9971761496399112,0
0.9623533283521724,0.7315191934825424,0
-0.2129315091641826,0.169379028815662,1
1.7033926028454964,-0.4276957095856655,1
1.744603277357664,-0.1553460412361362,1
-0.0749289263547198,1.158178439888987,0
1.3061069006842736,-0.437949389059281,1
-0.50147761385416,0.805506473941631,0
0.1217835158133444,-0.0279860289891658,1
-0.8970683798587676,-0.0078893302725913,0
1.4989951495569531,-0.3891464384134563,1
-0.6861298760485295,0.582524346295876,0
1.3678220010321829,-0.5488510034797367,1
0.8936010190006339,0.2808010144038427,0
0.6572975504969953,0.624219816617241,0
0.3684503220309139,1.0202981952105907,0
0.4049043474218268,-0.0571897126270914,1
0.018800116253565,0.4083438268293348,1
-0.8030914327320747,0.6209396235292489,0
0.7928126216981011,0.2470983630887503,0
1.7545034559721069,0.0484825340493584,1
0.051097134211492,0.3188027920892284,1
-0.5463046115641409,1.0023900936087682,0
-1.1229896028601656,0.1770737805635437,0
0.0096500277122734,0.3426421364514377,1
0.119150302377507,0.8307135716074633,0
0.696966784290192,-0.4038521681617272,1
-0.0298592637922097,0.1528980806191871,1
2.098052751481873,0.2949602583114826,1
0.0844495434112475,0.9372388857441588,0
0.8927781252254094,-0.3647487300973429,1
1.4793753681506772,-0.3822814034868467,1
0.3737842210573525,-0.1797692702705464,1
0.4928850722111018,-0.5148430745367919,1
0.058653125372864,0.432259296653535,1
-0.845660165220405,0.0433626655650086,0
0.7252689877249019,-0.5189242993218576,1
-0.5751485744814553,0.805010743551407,0
1.825343901614145,0.1141925625106159,1
0.8786048394394187,0.374944999129498,0
1.0306321885450052,-0.0935980613369587,0
1.957746180729522,0.1769804738098547,1
0.1819587318565939,0.96675366807698,0
-0.964496082145572,0.3324225651290127,0
1.9096277321194568,0.3820909230737269,1
-0.7726835540325201,0.3027201901072202,0
1.6381471678090285,0.0179187290974841,1
1.945645187911521,0.2068767705040075,1
0.6081179035259155,0.674868553583755,0
0.6883145162523836,0.7273649601670324,0
1.8036223916838643,-0.1850939574106882,1
0.8509654732947307,0.7113388639199076,0
-0.3914030259479231,0.9732458916714174,0
-0.0075430844992587,0.3859321015317948,1
0.2201961676658422,0.7981846022565776,0
0.4291950542824677,0.8599893677929412,0
-0.9524088074929502,0.4401957278181219,0
-0.6304147944787988,0.7185072692280068,0
-0.5378481655479004,0.9542291850396404,0
-0.133528647663016,0.1938794881384923,1
0.9064625053134638,0.2153356446579308,0
0.5109229504050391,0.9281116043552496,0
-1.2066252367474852,0.4872483604648983,0
0.1196444146739041,0.0031929082487213,1
0.2784813631990658,0.0958838313725724,1
0.2498030988987195,0.9977653543633608,0
-0.5957378323449939,0.7441462460611056,0
1.4705839250472084,-0.3525831425619717,1
1.0129422300750752,-0.0466297994484169,0
0.7579369919976484,-0.3491441670538729,1
0.0390489673047316,0.1352185344907576,1
0.3552536231475054,0.953824879786874,0
1.7468138095277146,-0.1484643190732326,1
1.6340996370613854,-0.3017204500827025,1
-0.6869412164924114,0.8747496459915138,0
0.548378636548477,-0.4165168663546668,1
-0.9952554140014302,0.4543381180211361,0
-1.0885617728190609,0.2131099625793737,0
0.075838076954061,0.2693209422791163,1
0.7433332410434101,0.5967653027819101,0
0.7948203643925419,0.6340867503650125,0
0.4647509567758186,-0.46715286739612,1
-0.1483901203400536,1.1085286208902336,0
0.9260700559568766,-0.441470613875384,1
1.308320564475645,-0.3180024855104892,1
1.7979480607952074,-0.0194940084980631,1
0.012401010341797,0.148600082992794,1
1.9900669634746255,-0.0078669647137302,1
1.5155017942605438,-0.4997339261426075,1
0.1159722326667356,0.3468596331362684,1
0.6342859272978617,0.4970581585520508,0
-0.180825308871191,0.4119312177664266,1
1.83959561290593,0.312852571230452,1
-0.0255917125805174,0.1913680217399826,1
0.316881540951296,1.0315929241064326,0
0.7730233346793725,0.3939454960113541,0
-0.2789975513727785,1.0566545315358424,0
-0.937287978695066,0.3103053498820045,0
-0.3233668389310499,0.988926049173167,0
0.101727494782538,-0.1067602440363318,1
1.2715748965681664,-0.4431502274106443,1
-0.9292247146939828,0.1488080882867069,0
-0.696818754606958,0.5736872529299314,0
0.0239461690158537,-0.054656985753578,1
-0.91358006018048,0.3768445349083249,0
2.0596437611526928,0.1981629602549907,1
0.8799115627328681,-0.5988233065305061,1
1.8727368323349565,-0.140503717211885,1
0.6963982372119997,-0.4951803986735682,1
0.1702729734077535,0.8864681039061528,0
-0.5699678844564833,0.9547479775633092,0
0.0360698951093939,0.0909189188317231,1
-0.73229198015246,0.7796702666878912,0
-0.8238836061556095,0.7908343152006161,0
-0.9439715944874004,0.018660314068944,0
0.8010598205055286,0.5866041290779672,0
-0.4521049115619701,0.9295906034188228,0
-0.7603843393087706,0.8621388848059157,0
2.020094177183122,0.3286714526269579,1
-0.6446105502756068,0.866512922692946,0
-0.0014642733890662,0.3334739394559785,1
-0.3408730608481589,0.8188415239891544,0
0.1850034447913118,-0.2007524882977685,1
0.9520904826856984,0.0342680167247892,0
-0.8250697227087627,0.7579695125882951,0
1.7891261427976306,0.0293720163341929,1
-0.0291335660786871,0.496210655618655,1
0.7842126027748793,-0.4771586418948319,1
0.0192277499848793,0.0244475364685752,1
1.913217990927632,0.1462387885236048,1
0.8365260096482918,0.0009586923585358,0
-0.5842319510748235,0.7396787205266435,0
-0.0278086879246098,0.4183949951458591,1
-0.8639489103079363,0.3356697371188844,0
2.090164660465253,0.4938131944744725,1
-1.0924627606777275,0.3251212118100728,0
0.9119318196506484,0.0546317847967933,0
-0.0880108850494807,0.9978410802333996,0
0.0346601223756587,0.4742945732295817,1
0.9180286496170548,0.7442068327042646,0
1.4288427167478268,-0.5397455341655895,1
1.190868289254085,-0.4136977053706677,1
1.1059017915627911,0.1476813346439386,0
1.575262457376597,-0.3848419187807032,1
0.886421428847389,0.6226374565182473,0
1.8148194752579607,0.0103638503099999,1
0.0435341679670664,0.970095928146256,0
-0.9048332810373044,0.3294800115474445,0
0.7968510653108687,0.0769553315120158,0
0.6091349588416207,0.8337809113939569,0
0.6604792094216653,0.7870578489610034,0
0.4419157251603533,-0.3991377127719063,1
0.240037004384189,0.0514790751035008,1
-0.8747528755007834,0.445263730983398,0
-0.897481082787523,0.5331272530207495,0
0.4657224905295349,0.758305854726313,0
-0.2048611497148633,1.020270388888879,0
-0.076778892570186,0.2302410172626259,1
0.2297311185215651,-0.0852054630183269,1
2.053372376437651,0.1371251248563236,1
0.052692211518418,0.4124039743977494,1
1.5906741372250652,-0.3642417583078728,1
0.5905806990923268,0.663189328197654,0
1.5919190806109114,-0.502568496973758,1
-0.988816386829762,0.0646603178797775,0
1.97054870095879,0.147467673040983,1
0.3717659498348403,0.9926182044278172,0
0.8084579089160334,0.5404366393987685,0
1.781956501414394,-0.2790586528743004,1
-0.3336075957095252,0.9119471313932284,0
-0.7228846060129273,0.5785191294525128,0
0.1738977308530944,-0.2459571975252446,1
-0.6247465693118349,0.6937601317793683,0
0.8885896133793925,0.4231698049139341,0
1.047803384495394,-0.5725390599237208,1
0.0792204937353495,0.2585426756917403,1
-0.0131130576648481,0.9494807121640344,0
0.2434676828951249,-0.3044034202339297,1
-0.9218484078976532,0.150111370013656,0
-0.505804841758146,0.8425336442832513,0
0.8937386480245608,-0.5287756284872883,1
0.2899897854444693,0.7335798694967679,0
0.6160386767871123,-0.3961895313028137,1
0.7714486006501824,0.7353479155723662,0
0.0690603084435045,0.1714604667056454,1
1.0212705290267086,-0.5842236558359816,1
-0.8848188906203731,0.3300453786790034,0
-1.0791518768081985,0.1249766302997047,0
0.7120410074936203,-0.4311328318236386,1
1.0010066252190504,-0.5095276547634371,1
0.4227582086153673,-0.2609246724287798,1
1.1959474287125471,-0.4523820024475216,1
-1.014957349945538,0.2803533602248209,0
-0.2989979456056244,0.9232310417891604,0
-0.545819013765769,0.8245943234566521,0
0.3421202014530486,-0.0736043115423941,1
1.6355379068739568,-0.3978245810449278,1
-0.4444497678603339,0.885765107746894,0
1.8585726520983208,-0.2489433720406942,1
-0.7150397611746614,0.7742123227627462,0
-0.3317013407232615,0.887689699105897,0
0.1615718023777265,0.9340804927352618,0
1.9104411386483948,-0.0248094704365158,1
-0.1447207925326649,0.9704815599833688,0
0.6317919855514804,-0.4200279749415142,1
-0.883708500695941,0.1570684316997845,0
0.6384693436600999,0.9408153565028116,0
1.460167293270348,-0.5317749509446603,1
0.1573383420015594,-0.1510530350124375,1
0.396083110933922,0.9242084722838524,0
1.478640900280621,-0.419697011781902,1
1.9889123159387003,0.3141789927979493,1
-0.8971561101655601,0.4091356525940853,0
0.3409484603941834,-0.1793574580566245,1
0.6682077871172167,-0.4642722783182594,1
0.7517119681054797,0.5721497159919422,0
0.3206349568582313,-0.2441285304916048,1
-0.7373811512958943,0.7461048859755077,0
0.0390595515618046,0.1617975777999692,1
-0.6117617281074375,0.7191227117404243,0
0.843718690786131,-0.2273803127562885,1
1.827697117874011,0.095527449297012,1
0.953197616970782,0.2179400854165883,0
0.980421506838549,0.0544707344901685,0
1.1542133124916736,-0.6200848197857893,1
0.9713986444971684,-0.3996486518207479,1
0.9477417091413668,0.2061891744941812,0
1.2685463321676942,-0.5644929695298024,1
0.7010695133798363,0.4311890701434032,0
0.7449889513001975,-0.4762819897349736,1
1.0469552696653168,-0.0022193989634132,0
0.9036647350835968,-0.4668920259148966,1
0.4054142256994447,0.935629227236334,0
0.2714659538883113,1.0574247135364696,0
0.6407254194199172,-0.352349444413239,1
1.229620774074032,0.4307637840483941,0
-0.749154768390182,0.4738027320846738,0
0.9289249763695016,0.1026963931426102,0
1.0684428894409577,0.4389376213397385,0
1.1435427850957955,-0.370740117700101,1
0.0831723633830957,-0.1568743980943887,1
-0.357683828831415,0.9432580527752048,0
-0.0757362808484664,0.8074127203092332,0
0.0921382236964759,0.0029598853190838,1
-0.919044172361442,0.1916371052820512,0
1.7847800364781528,0.1536617065364759,1
0.8746739240049218,0.3220724518494796,0
-0.0340612197157888,0.3368689876252569,1
0.9516667955281892,-0.361254430565333,1
1.093384810258495,-0.4582743798164089,1
-0.0047107139317053,0.062097169278271,1
0.391922383088389,-0.2999328658778371,1
-0.4297462828125791,0.8515878950493019,0
-0.085353340811518,1.01002338695563,0
0.2203104830153525,0.9534720336802316,0
0.0932775749988548,0.9962555370575488,0
0.0528949549299823,0.013179497917779,1
-0.9259584001806698,0.8323474627261479,0
1.824757255888758,-0.0375938967019434,1
0.8395485141619377,0.3625709921986232,0
0.6579213581626832,0.723334590551758,0
-0.7382283661349486,0.2676025097020881,0
0.9677369597497796,0.4003863801792122,0
0.3919527033008376,1.054104469799667,0
0.7068841573026697,-0.5636028496491305,1
0.422083590121119,0.8925168987591988,0
0.933692297701124,0.3836767272895488,0
-0.5449925554598124,0.6560165854973985,0
1.649901648920943,-0.0726430160562052,1
-0.7677378537820868,0.4985402268977167,0
0.157609489016565,-0.0580664293367813,1
2.004303682346083,0.0671026149963022,1
1.1414017185895238,-0.468921693982653,1
2.115187787732036,0.2668890445379156,1
-0.1407892191958994,0.9240724462911952,0
1.7480453979869683,-0.0979490112853426,1
0.2271404135446981,1.123640633865852,0
0.2412251386563971,-0.3230448535872388,1
0.0489549924646111,1.2281741352904207,0
-0.3654648059202932,0.714524893576611,0
1.8516373470243277,0.4047351017181535,1
0.8143921767440716,0.4616362227797524,0
0.3368698567140795,-0.0346564890897727,1
1.3910655684088835,-0.3222258885379976,1
0.9965783413550472,0.1415940181263594,0
-0.8015651837324662,0.556305540504315,0
2.1403181607119164,-0.0086012388712163,1
0.1338446055610647,1.04530154703406,0
0.1014326168651486,1.2148143155835245,0
-0.6383225925586264,0.7547808189478228,0
1.0862609379826316,0.454518688527124,0
1.694364284575257,-0.3201036338940509,1
0.935867958446702,0.4285041225356581,0
1.1182211180986776,0.3385058149105295,0
-0.376128361048521,1.1455143269303694,0
1.7348987558241007,-0.2750899356756219,1
0.127322040251362,1.0786187590199328,0
0.2250355041959741,-0.2861473545332887,1
-0.8008819243433045,0.4047250254345463,0
0.2051007180436289,0.0224621744682978,1
0.7864941409747301,-0.538261258281076,1
0.7470515827896045,-0.6709965917233301,1
0.7800996533621125,0.5525879517570911,0
0.6905576348759956,0.7809420422795421,0
-0.310813612339732,1.1338648836906366,0
1.774995418110617,-0.2104012237729651,1
0.4857689445383304,-0.4887145448353184,1
-0.6538583213268001,0.490393415697272,0
1.6576462398204546,-0.3588790575210774,1
0.7931311755653828,0.7003383838631626,0
1.4218452529834,-0.449488297644166,1
1.7405202119516083,-0.1551128588366907,1
1.3260694395279726,-0.2892698916487998,1
0.1160836857644792,0.2275767944554676,1
0.0200918751846387,1.0653848126495558,0
0.3536493167680298,0.9277208763148422,0
1.7440472054116138,-0.0189866517011282,1
-0.8082146812381328,0.3857424109228722,0
1.9336992622036508,-0.1083137489103354,1
0.3128986920820977,-0.1216256566887517,1
-0.8233412147642152,0.499135679394646,0
-0.1128309962447601,1.102739331379748,0
0.8346361290352375,0.107307353924921,0
1.731749902716844,-0.1514854335730406,1
-0.9796468472383396,0.8465385397015993,0
0.580733834936313,-0.4192470774661073,1
1.8453964249313632,0.1931219878446362,1
1.836507704249032,0.2387320882553352,1
1.802281012976393,-0.1673824469852819,1
0.7427070323541538,-0.4090985172521601,1
0.0692742474781153,1.0885224269506817,0
-0.0967251426597058,1.1278885390369682,0
-0.6136118011493482,0.7426797754888984,0
-0.6694013314678436,0.7026016917256082,0
0.8396446877404055,0.7632425824520379,0
1.751840718733511,-0.0362879746263546,1
1.6045084245412968,-0.2223222520489405,1
1.73933176450481,0.4934249037131729,1
0.4595021139155717,0.854275852053228,0
-0.5390716178033599,0.8359532127384958,0
1.1339439373598752,-0.2394487640744013,1
-0.9408171514884348,0.2451441556830619,0
1.063660173728472,-0.0262368530899132,0
2.102050215561652,0.147782314896066,1
0.8002375896687484,0.5326690969763467,0
0.1055926032987208,0.1360898977909763,1
0.3226987492665789,-0.117577939779203,1
1.702242515130689,0.0319474537626589,1
0.5608492040654804,-0.4073149483256115,1
0.7581157121689055,-0.4084796160772743,1
0.2203584858330839,0.0161220075898305,1
1.0800830305786622,0.3434891301383158,0
1.762525850691319,-0.1973981239819526,1
0.3820788809654012,-0.1353042812594629,1
-0.0180289608759914,1.0690571277366554,0
-0.3842157076440726,0.8111581218216599,0
-0.2200646420383956,0.5406568537875931,1
-0.5032028295575635,0.7825453493446298,0
1.5327960190042251,-0.3939118858892497,1
0.146035394275943,-0.002382891320268,1
0.1524827232567012,0.1210928203106389,1
0.0189864918164435,0.0181619697371085,1
1.4078360420337903,-0.2208010774632076,1
-0.4634313751841208,1.125405857476272,0
0.6931583178191562,-0.3739753886681031,1
-0.3985536493170006,0.8758084801310921,0
-0.0416651916763884,0.0669555720686566,1
0.8292231972843762,0.0127436174582854,0
-0.4062082905899676,0.8735131868055608,0
1.7223558842774258,-0.3601484186449615,1
1.025084686790302,0.1453408532358981,0
0.4107397270131507,-0.3335130314270145,1
-1.0175070370395034,0.3018818006967278,0
-0.1816831383495139,0.8448077979588687,0
1.0234102687748503,0.4664187903233453,0
1.1911900575022805,-0.2349517987095689,1
1.1460277829659935,-0.5963063974499733,1
-0.1214293620355996,0.7883117155879387,0
0.6006295857308404,0.2186867959837954,0
1.971433462498215,0.2945022045169831,1
-0.00680571011082,0.0769167058138492,1
0.9941243895553382,-0.5283682137835397,1
0.8763243333557679,-0.6464044317372369,1
0.0989607785467089,0.3048531691279674,1
-0.3088054166120282,0.8676916631846351,0
0.7462248718045901,-0.3812301422126326,1
-0.22457313290584,0.905307429093991,0
-0.1656829526726956,1.0419296695648577,0
2.12622538705445,0.2062217341069174,1
2.0408417517543804,0.4008210815143101,1
-1.003853812001426,0.069313781310327,0
-1.0307241852434506,0.4946775727071233,0
0.7123380129473241,-0.3188501657819121,1
2.096993182102145,0.4064170522891168,1
1.7776867861154166,-0.0643215999763997,1
0.7551060568603507,0.5835053931270171,0
-0.0643981065571969,0.3483988992540017,1
-0.4163563300664782,0.7617147173175918,0
2.054343903862028,0.1340826147232766,1
-0.0235486246294519,0.5306406911916595,1
-0.6843566277141343,0.7992653141893068,0
0.6224697929975909,-0.4861058898138843,1
0.0097445002005675,0.2704532524126161,1
1.5892230769115665,-0.2203640457082568,1
1.1119344353503011,-0.4211894175947809,1
0.8503093830824714,0.4762271943127411,0
-0.7987787451966654,0.4133421708591633,0
-0.2450343383484481,1.0516579151814158,0
0.9438851507229284,0.0918229615832884,0
-0.3300469924874321,0.9994392486295006,0
1.031263487041118,0.483046088108217,0
0.1256545287989958,-0.2512699489986778,1
0.1941394851869263,0.1830741843779383,1
0.7082381979901247,-0.5506194797319056,1
1.0223421659851122,0.4584590883769442,0
0.3301158341050522,-0.4008620694094785,1
-0.8936334376260109,0.5197902999524935,0
0.6387954722140775,0.8517782384338016,0
0.3999975612456862,-0.3821280994253866,1
0.6094500319925301,0.6439047629403205,0
0.1069356803762947,1.0794521909252948,0
0.1400800623886667,0.9544303498557988,0
-0.0027654537576018,0.3110439842313431,1
1.0466113943756952,0.0234350423889358,0
0.8070562045748292,0.4087725153516512,0
0.7616292919680892,-0.5531341902415642,1
0.1907450072677652,0.2376411540244782,1
2.1110078495573323,0.4153352129249119,1
0.8266950897584154,0.44313501027886,0
0.3904022822504071,0.6719897923430134,0
-0.7264796373079372,0.4392779902613188,0
1.627352507797582,-0.3248970516002273,1
1.3189393364842288,-0.4882244458754619,1
-0.9139347621535098,0.4040201780019666,0
-0.44473208653329,0.8439496949936471,0
-1.1328611094314578,0.2360388937340645,0
0.2935985682762323,0.9159674725323153,0
0.2230924965736435,-0.2112764251119639,1
-0.8534968594135504,0.075150689483944,0
1.9102704719373569,0.1399513393381451,1
0.3234088834441704,-0.2454531373594519,1
-0.858132572651834,0.6287620672675344,0
1.0045101548386743,0.4306583068518873,0
1.314431719164901,-0.510165110825671,1
0.9958989816329062,0.0039155619070817,0
-0.8674693139604326,0.458168391963145,0
0.5012979140507046,-0.3590110931783618,1
-0.4056905903741721,0.7003689941188063,0
0.1833214281729682,-0.0984350868571297,1
-0.0140486627861703,0.2030957485894213,1
1.78161027169204,-0.1543449804555232,1
1.8333805470931144,-0.2765486811375681,1
0.9296401411022904,-0.4178409103068722,1
0.8639854955415542,0.4315042583734866,0
-0.9388615132649324,0.6995124754839368,0
0.425111838364929,-0.3819826977295751,1
0.6114242137613043,-0.6998782269444841,1
0.5972162246007275,-0.3370363665377229,1
1.825912413438408,0.0216561654623169,1
0.2775459357424694,0.9217311747548276,0
1.386399589391568,-0.1410950429858115,1
-0.8053721094704291,0.5790791039103583,0
0.3199337906388477,1.029525432727875,0
0.1243822547577573,0.8239078028492453,0
0.027052383607733,0.3642044785350716,1
0.8796131989851196,0.7139399615284279,0
-1.016242210069915,0.4934155265536534,0
0.5973622533938059,0.8618454255665497,0
0.8911126240292433,0.0470621188218437,0
0.177671268520392,0.0004733402607618,1
1.8798188547716588,-0.0720997462552986,1
1.6383927179525253,-0.2861120571093692,1
0.8541187018339497,0.678544618695792,0
1.930677391690441,0.2331756660058932,1
-0.8356272486309021,0.724680005957073,0
1.6521153539439637,-0.1623536887000189,1
1.0119017483539647,0.1915400784064531,0
1.6661818100404542,-0.3319459073196498,1
0.7193202166134299,0.6945593525232847,0
1.8450351988830131,0.282983046671244,1
0.7982267081515118,0.7556894519727786,0
-0.8919889155317088,0.0664810304850861,0
1.6304620330363755,-0.4499953791217923,1
1.987697264414312,0.067864265201207,1
2.0992804496800304,0.351384109588208,1
0.9307019895297785,-0.4530003704698216,1
-0.4350884179195614,0.7991248977231049,0
-0.8903872841390222,0.2672701276071715,0
1.7230700816997868,-0.1116292057076429,1
-0.9328585608371094,0.345111149451805,0
0.1430823805450985,0.3076660906420413,1
0.0136751944355677,0.972630853271602,0
-0.9157001463171266,0.4014359706073069,0
0.758917184097708,0.3948794937978871,0
-0.8813756100362703,0.3252332568107117,0
-0.4766675437581901,0.9528912178561116,0
1.885308043834968,0.365219351335079,1
0.3651073121468813,-0.2035248636784934,1
-0.789478969350275,0.6643740053043208,0
-0.3092046175316327,1.1081156063379904,0
0.4762414353055159,-0.3890343804897098,1
0.741064567174392,-0.5740563383194,1
1.8152863336289675,0.2523321718184143,1
1.3687811926602176,-0.5047840895317677,1
-0.5746942698294517,0.9865407893967986,0
-0.9651856947296904,0.1194393347368097,0
0.2120332541379617,-0.0502422494434121,1
1.4709093387044656,-0.5364199983229441,1
0.4552575206164606,-0.2042493584763459,1
-0.4544013430526844,1.0176251765146371,0
0.687320919302935,0.0709511844654107,0
1.3289237552438908,-0.354419536563731,1
1.6643611839389507,-0.0336792529039904,1
0.5447884103604942,0.7746185225196078,0
-0.6677847175538815,0.6943877349639873,0
-0.9419781293748964,0.1224968470240757,0
-0.0656284932777394,1.1660215550254431,0
-0.5299146672931103,0.8309125321539983,0
0.2784736733779496,1.0529745458028106,0
1.424506140024063,-0.3484867981516228,1
-0.106431055263097,0.2944229908683075,1
0.8009199602390898,0.253924669131645,0
1.0214733440878616,0.294363436467585,0
0.85429354865108,0.8652638199947639,0
1.4066821486838132,-0.6842942859460233,1
-0.1453984631887242,0.1227594688894469,1
2.052514429364811,0.3484601873305198,1
0.419636827776989,-0.3369778267113757,1
-0.7009884703142697,0.6834064141688171,0
-0.1026154522523965,0.5907748638351811,1
0.92276632201535,-0.5069262034820217,1
1.881868424128699,-0.0223078049785251,1
1.098996586623053,0.1663785448697679,0
0.5058469889688828,0.879424141717939,0
0.5599998335609546,-0.3927837613335155,1
-0.9271840474058156,0.2863372230632351,0
1.840938984661912,0.0555506206393719,1
1.0616914515540334,-0.6506066941685205,1
0.1929723678940274,-0.1695241308391691,1
-0.8105692426538759,0.2255017705508586,0
-0.7142354920011064,0.8566135821095693,0
1.920686116891164,0.5884782160836693,1
1.4912562712399335,-0.2572452542971261,1
2.0558070508381965,0.2676414961577429,1
0.7786961237776987,0.7713287976099803,0
1.8713426063726808,0.2964524527296171,1
0.3047613880114171,-0.1187317515930728,1
0.9679413818906764,0.057300762310695,0
-0.7669316272381506,0.5209529136631277,0
0.5771999658438124,0.5558893689049644,0
0.8325910234535895,0.3286059866404725,0
-0.5292998584345112,1.0077967157934358,0
0.4663741512009951,-0.2862854061855938,1
0.8717815237131123,-0.5433997141567802,1
1.4640952744126494,-0.3467286988271688,1
1.794335614741729,0.0810163813130313,1
0.3693512894635676,1.0514370166498217,0
0.802087725242607,0.7200381081563708,0
1.681945678418468,-0.3114979151635828,1
1.8567254535447677,0.2800714845334226,1
0.11184666765301,0.388925248053544,1
1.01862560323017,-0.4738586022646676,1
0.370568208033915,-0.144060553607912,1
1.908871463998416,0.1098115648545359,1
-0.173673902569526,0.4739220660475391,1
0.7973434476651593,0.5236835847538558,0
1.5987072330196206,-0.3827990601036441,1
-0.8867076683615708,0.0629375505229231,0
0.1640245470124726,1.0667931386627725,0
1.904267495164599,0.4700932686298827,1
0.0929976645160091,0.9627149011973326,0
0.8256054463028285,0.3026335662133441,0
0.0965028027606326,0.1713895928975062,1
0.2282536490568262,-0.2387563566619437,1
1.2260608862784173,-0.5255015737579403,1
-0.486014695642656,0.9010360782947902,0
0.5658769678488639,-0.4692530459706554,1
2.059000400211917,0.0942954087822984,1
0.6284273337517912,0.7422090278765358,0
0.3245464576669968,1.0530165532803435,0
0.1746283340256442,0.0846036647446916,1
0.9849665852395906,-0.5714414263427572,1
-0.0605774368288015,0.9771480079357426,0
1.9391485236945607,0.2686238271790977,1
1.0500774021483,-0.6302260379716614,1
-0.8417298979756047,0.50419395351495,0
0.5647813377388895,-0.4530017208256364,1
1.8875276394569995,0.3881388053179472,1
0.565478718071394,0.7123132405096952,0
-0.2672184967161564,0.9677113402838268,0
1.9169721439420264,0.3644068528740521,1
0.5376809367790742,-0.2332984146420368,1
1.1453663608175366,0.1876431977855649,0
-0.1339152180642856,1.0404541738386746,0
-0.9762423008756989,0.2605320297132059,0
0.368753928156051,-0.1440442851378578,1
0.1931861269015661,0.1506517870863348,1
0.4973039966281446,-0.4535499240455079,1
2.0237972172049536,0.1110799226420084,1
1.758769907078787,-0.2670803677397689,1
-0.6546818243167006,0.7288312363369563,0
-0.196651058870532,1.0599556652716626,0
-1.0374355730263187,0.0077758911404248,0
1.0299607358108291,-0.4183455731821842,1
0.9380139941600184,0.5844611599870417,0
0.5560937115554571,0.968172217318594,0
0.1699309451491503,0.1699194692696065,1
0.4406697335172104,-0.2042187842416888,1
-0.961096295297426,0.5024498889853112,0
-0.0673267249858261,1.0466745478862316,0
1.5596947829893166,-0.3537931927430227,1
1.0205362011497447,-0.5234235463827757,1
-0.941854423230698,0.1338861061407155,0
1.274356775915318,-0.242716311563093,1
0.4932227137122879,-0.4098261205125321,1
1.13495640910078,-0.34166843204771,1
0.937616436557547,0.5416133636624934,0
-0.9028910156897046,0.231019492056744,0
0.2811110797194432,-0.2858030361915002,1
-0.5358786152515523,0.7566986685198854,0
0.7990783070004278,-0.5387619615726849,1
1.915953925041053,0.2261621164607877,1
0.0842929069568954,-0.1508463565131626,1
1.7518029845266951,-0.1180697343656671,1
0.4735978079446403,0.8735718624150943,0
0.3713095955285967,-0.5172312313688308,1
1.924155011354312,0.2753643094406664,1
-0.9332660318912082,0.5281677010279474,0
-0.1335566209691907,1.0016497558464696,0
0.5394983591076858,0.6244707870774837,0
0.6147306661375765,0.5634566662518439,0
2.0632066434635985,0.3307190909035014,1
-0.9816098777555198,0.1884488982291279,0
0.9019251897236212,0.7517387938673685,0
0.4203776037325773,-0.3707000982135477,1
0.3003375012340457,0.9381527104108698,0
0.1692409431261951,-0.1030783685566813,1
0.5364394496415082,-0.3904366975103848,1
0.2149906756212123,0.9663442653638332,0
1.8304078844798228,0.0606099096861704,1
0.2971585595158,0.9426053422000268,0
0.8663442494823232,-0.4396961979572151,1
-0.5647792935280916,0.9129306698648372,0
1.874450679041143,0.1947047988745158,1
0.9147452805390568,0.6651138014396868,0
-0.7077903173701153,0.7178152596856465,0
0.7571309902161845,-0.414090741128145,1
2.147433807698756,0.595406440464661,1
-0.7408075890993809,0.5683592824062543,0
-0.6411682551735202,0.6749045816646215,0
0.0385193664778414,0.5390350414273565,1
0.4716306981620225,0.8156133308522711,0
0.5848002773790845,-0.2134352703632014,1
-0.5809421158770014,0.8124163975741759,0
2.1224081884165216,0.1293468010828294,1
0.2496530965450571,0.2087929635236098,1
0.0391323087010351,0.9066226099340066,0
-0.7540047491182973,0.824514540282995,0
0.6695193105449031,-0.1254092027356336,1
-1.0176880936803554,0.2869101838784725,0
1.7692227918836296,-0.190832877031692,1
-0.8523806434667822,0.3293989214453859,0
0.6209895946092918,-0.3861282865645785,1
0.219788952681839,-0.3289315896724186,1
0.8273528528274391,-0.4404571922133771,1
0.4360113829365084,1.0086019689833978,0
0.4687470175619274,-0.3697992133699599,1
-0.0872197737201715,0.90710582865174,0
-0.8330036986727716,0.5813472026586828,0
-1.1145323624364865,0.2687480171747003,0
1.851968134470523,-0.0795273529179743,1
0.2511866983024896,-0.2440135570615389,1
0.7864416053928301,0.6370814866018069,0
1.8136106088573711,0.1098805584242889,1
2.050162940475427,0.1360346942824853,1
0.8025617529885669,0.4639417350238287,0
0.3359876524148126,0.8770079713511355,0
-1.0296634210529905,0.1215843947781521,0
0.9575127511613102,-0.0521496451058858,0
-0.7017973616184966,0.4293691950093974,0
0.9342188056512588,-0.0194717898589109,0
0.7408367534624454,0.7920323404325855,0
0.901193765979804,0.2331915758863435,0
0.9491791336000466,0.1596660458748495,0
-0.3856304775538697,0.8910291266306929,0
0.8300650989533843,0.4692207661188836,0
0.7975274068466871,-0.5915071610609073,1
0.8630535979655384,0.2606710370339596,0
0.9323986575423288,-0.6508644735768397,1
0.8381819990833366,0.7247021303360337,0
1.791895487076172,0.1131732014534897,1
1.0438793467735985,-0.521148596716316,1
0.9944440601166062,0.4751470659629094,0
0.0464004643678967,0.9301453467845712,0
0.3455286176400218,-0.1829293146478451,1
-0.8027970924890729,0.5695900414006915,0
1.0353528259943248,-0.1371243641931734,0
0.7868631839227342,0.807452436696386,0
-0.3788450819849138,0.7651415250908827,0
-0.8397036005267391,0.5679334017034282,0
-0.4995212966822356,0.7657928700422704,0
0.2322434357487756,0.9443058354024833,0
0.5826869623616787,0.6554053445269757,0
1.9148884406159368,0.2604598196644888,1
0.2736684865549557,1.0095615922290009,0
1.9963681876291797,-0.0478544481661179,1
0.8122186219090949,-0.5279789998025471,1
0.6972822553812533,0.6127487199214448,0
-1.0205223345530396,0.4141713182218126,0
1.279872536143757,-0.2942301813666443,1
1.8451707980428853,0.0883547788191252,1
0.1942082513136991,0.4397507967005245,1
1.0975612681361435,-0.5353362015076562,1
-0.8035601877402029,0.5379936589274231,0
-0.8821254761071773,0.0452715967436175,0
0.4164811997266079,-0.5027661833816798,1
1.1208411144505708,-0.4741172726193388,1
1.0369702965980552,-0.621568928497707,1
-0.3203429129074517,0.8547248829171219,0
0.0115273233400054,0.2257806737177671,1
-0.634684513341697,0.8878063981109442,0
0.2480283464427836,1.1445286667268932,0
-0.1828093185412856,0.9084863749539536,0
0.8382588498307265,-0.5310044492024651,1
0.7769788847226906,0.4504918236953425,0
0.9414095026072252,0.5295514552403932,0
2.044183208972145,0.3916731732056376,1
1.7472397511822808,-0.5378734777954117,1
-0.6492035369408695,0.8144191899376627,0
0.0025155207181034,1.0545251877108086,0
1.3850229130162677,-0.2328155061596878,1
0.1607359040108485,0.2700526250203129,1
0.6212924917548736,0.8616125275924064,0
0.6762962301786865,0.7353289377594103,0
0.722585766391574,0.7941585720039352,0
0.2269464608990735,0.1566227116462752,1
1.2530204972802903,-0.438766050988971,1
0.2372410560103427,0.9863325559098342,0
0.4753456686304283,0.8114218420815339,0
-0.3935089208841206,0.5551818743879574,0
0.7908309420094953,0.6152433064637504,0
0.4285755755137571,0.9092718142487076,0
1.5418955334436588,-0.425621144179011,1
0.3780044208768244,0.9464356530142254,0
1.823988092321681,-0.1809429721153187,1
0.7872489203251233,0.8258293962155949,0
0.9829156759743916,0.0138255517834793,0
0.838473126860828,-0.584010510974556,1
1.2779384925661996,-0.2562267612273344,1
-0.9607779870594167,0.3894037487349529,0
1.163586016034791,-0.5302627201593487,1
0.312071720146669,0.8878406793820085,0
0.790599133851849,0.511358997273569,0
1.3834933216852578,-0.4640288124799048,1
-0.5604512836758357,0.7948567954098971,0
0.2647255018886805,-0.1002057431149931,1
-0.2564738376992012,1.051615005091452,0
0.0182693777135852,0.9871393665467104,0
1.7322487659052304,-0.0550717554687693,1
0.8753218294061015,0.6264206186920804,0
-0.430050132795381,0.9271682645063388,0
1.024395735535419,0.1072811285570449,0
0.3460243552105215,-0.2665175148143178,1
0.2138163684716495,0.057488095018672,1
0.9833772504466656,0.5018632697769758,0
0.206829107217199,0.8253973351518306,0
0.1734821714064381,0.965091321007156,0
0.1091779116760474,0.0037236595276528,1
0.2053310537009203,0.0319619096289846,1
0.861394078202374,-0.6318047434309718,1
0.55645112200782,0.8354180030347927,0
0.9916516526225704,0.4529826130203956,0
-0.9138840681731444,-0.0468319974083903,0
0.9698887277555258,-0.4638203109973761,1
-1.0315507136659985,0.2195179998142696,0
-0.4739241520917287,0.8182978070219467,0
0.6008603140218856,-0.4452665890549322,1
1.371687358402425,-0.3423400046738743,1
-0.721063988619464,0.5585083135085771,0
0.8371688787387904,0.5834198965675825,0
0.7768491487787982,-0.493571318248857,1
1.9692955281363005,0.1416804489759152,1
0.5857587041453667,0.878444150594294,0
-0.4913877393566633,0.8469060667814011,0
-0.9796889018901536,0.2209446540550202,0
-0.4270283146646332,1.0457227410152157,0
1.6052830794819746,-0.4694288181183064,1
-0.5755679949145064,0.6258357111615727,0
0.6775408747843704,0.7694465266287338,0
1.899005618606882,0.3671548945417596,1
-0.20408554868916,0.8456669871565333,0
0.4804929849198955,-0.4498753094220831,1
0.8350367294472575,0.4381001968849492,0
0.1560848775092672,0.2717716327203351,1
0.7828764146116008,0.4005511372975022,0
0.3820327896854893,0.899077138334681,0
-0.8190402458119979,0.59312893738378,0
0.3403333323551519,-0.3776072732063498,1
0.4924870096773888,0.9226850052772786,0
1.4920762555808178,-0.388040943763561,1
0.2524613410791904,-0.2169975427507439,1
-0.333493001188304,1.0193725409888814,0
0.1952426256182362,0.920843138699464,0
-0.6991537698854148,0.5081588753838515,0
1.1139176845609668,-0.3696839084175006,1
0.4305239951815161,-0.4684977473276926,1
0.2284183128648768,0.9828899367539496,0
0.1389709422844301,1.1074672130240466,0
0.4120700915649627,-0.3820855268731358,1
0.9687283149835428,0.2229998273573631,0
0.6261983416485858,0.8251102889628881,0
0.0427261660799066,1.020043001335374,0
1.138696552882991,-0.6901950111408122,1
0.6902301792767,0.4820297320432335,0
2.057999534951983,0.4857933153167513,1
1.5955088137928937,-0.1236696095741981,1
0.3561073755875659,0.0858048141156474,1
0.0865814548945968,-0.0530782803664102,1
-0.9178019973055784,0.0786634076635948,0
1.2049187906079442,-0.3556473658551564,1
2.107814693600344,0.2346269145274243,1
0.060446213186043,1.189912308138627,0
0.3667494111147654,-0.2033618864915408,1
-0.7817606086509161,0.7843922413599482,0
0.7606065825817089,-0.4821181176843641,1
0.5500938193194409,0.7589085779655278,0
-0.5756939879675532,0.7510268402151346,0
-1.0490167713133125,0.544378603561064,0
1.3062119322569488,-0.2539110310060875,1
0.3378572185617455,1.0295058843529183,0
0.7013229854572056,0.9657985236717967,0
1.3240186744822682,-0.6288887374176255,1
1.8420715820057445,-0.1145895826103549,1
-0.0111135205306289,1.0206832934572807,0
0.0158716836056721,0.811291619588228,0
1.0406241289603717,-0.5148182603126013,1
1.7971494536183914,-0.0153004528974886,1
-0.7987461224438807,0.0095055848662546,0
0.4914691000056013,-0.330204143660431,1
0.4003728073458381,1.0565890845248616,0
0.1837207370970643,0.009825428204671,1
1.9645785226398784,-0.0744686333055376,1
-1.154471870754061,0.253709470668048,0
0.0979087549357993,1.0733755726212442,0
0.1182139086833589,0.1974798544828425,1
0.4942022725500697,-0.3563354846063316,1
0.2083473715986043,0.8735943439091908,0
1.8749858907806407,-0.0715896882971261,1
1.2112220028250489,-0.3724771661802326,1
-0.4115191069506884,0.810790377458692,0
1.9638762938812384,0.2560138288148875,1
-0.9624932364766652,0.3853927242059393,0
0.9460516783162568,-0.5695746145644078,1
2.071521365182569,0.4438949020536429,1
1.2781510292295737,-0.3339560291798863,1
0.0029230237088136,1.1307273806212452,0
1.1832306692437944,-0.5057906099178683,1
0.3665179377168638,0.828375520812272,0
1.1112482305366729,-0.4664522289452612,1
0.4718128749013042,-0.4410247617696569,1
1.4154862352085118,-0.4487060644333566,1
0.4170011579785411,0.6843530113335494,0
0.4108578129283753,-0.2603702197109236,1
0.7911287269846335,0.8022789612462083,0
1.4538623811301332,-0.4109092768562079,1
1.4373402314039954,-0.5046568225875887,1
1.1238199819905887,0.3952956835559911,0
1.4427024527268886,-0.3721998490332681,1
-0.1102645223289658,1.0825328754296588,0
0.2901102954509764,-0.2565901074132836,1
0.7795633980472378,-0.4953806533798462,1
-0.8256104595785322,0.5217178436706831,0
0.0252111133640837,0.9581386178499364,0
0.622635300635476,0.6645625916793518,0
-0.6302148979771539,0.5533319672445441,0
0.919083508937286,0.5746481367879269,0
1.4665430398651538,-0.2759352890298686,1
-0.0503143095542593,0.3492184293168317,1
-0.0175475779721476,1.0036552232935454,0
-0.13133839691312,1.10190794413024,0
1.991037789005509,0.3565915760666683,1
-0.064013346144496,0.2804380421167183,1
0.1459749880567249,0.239906988668317,1
0.4321982988119892,-0.4201283821814213,1
-0.0848956636139687,0.3432107494022833,1
0.8096754305727174,-0.5114093003418644,1
0.3159504845998577,-0.0261776529112052,1
1.9729025182517763,0.2219537422603811,1
-0.0145981299712792,0.645391541289597,1
1.6179274004063746,-0.0215287817145922,1
0.9004028822872743,0.1647619696184016,0
-0.7550282772009506,0.2923834979174274,0
-0.130798617494135,1.043383594017804,0
1.7250024715963796,-0.3744124417787601,1
1.8877095878376164,-0.147085221495007,1
1.1371990412501365,-0.2338336335592956,1
1.5773689109740765,-0.3833155863218347,1
0.6954269123929734,-0.4536631090684088,1
0.2424722249617585,0.430523844912537,1
-0.8415456988503498,0.3710540967134448,0
-0.7427901631586085,0.5393233949593201,0
2.0282332352960437,0.5574340498324895,1
0.1097454698073021,0.1530740370596028,1
0.6814208995279861,-0.352612765405576,1
0.7911947243655713,0.4819760283727166,0
1.2027989647154789,-0.4389495158745765,1
2.0119030785112813,0.329657703182057,1
0.9449777772498248,0.2433329783051291,0
0.9857012936236816,-0.3914740481815333,1
-0.866770139987612,0.6081910350807767,0
0.0806571998671608,0.4540323263779501,1
-0.0772007071044142,1.015280555956287,0
-0.2472963659792556,0.7439748902720106,0
2.105843459870048,0.4207684065845422,1
1.323652386516559,-0.5365450582790299,1
1.253631673976369,-0.3616901639455355,1
-0.2030804740382414,1.053599472223175,0
1.6818562113221336,-0.1910794931240171,1
-0.968475292187456,0.0276979156551505,0
-0.9045380564086032,0.3527241674838889,0
1.5847679228730491,-0.0894703629891131,1
1.3970861365137772,-0.2437933357902594,1
0.1561903329049939,0.97750569686345,0
0.8691592169252055,-0.5196470005690379,1
1.796519052271108,-0.0152602288194936,1
0.0196743428571994,0.0756875610395565,1
1.826500696855752,0.3476515266284146,1
0.5439988381848427,-0.3474944995547608,1
-0.0831824382327942,1.025220944723075,0
0.8440637462178175,0.0337876595722605,0
-0.1642327968467071,0.8864092811636168,0
-1.0488490765417848,0.0525009681403926,0
1.1260623861360453,-0.5372482762217698,1
1.7391093726455058,-0.3781632933212135,1
0.4074406936399732,-0.1148743202383862,1
0.6970061616018807,0.8093297139934925,0
0.3829144075511752,0.921317619541377,0
2.050884432814765,0.2619605271931514,1
0.8346594950209267,-0.5113021680841616,1
1.079198161066724,-0.4308219976367666,1
1.1638345329341548,-0.3581515635711444,1
1.9520061308063588,0.4158114489324729,1
1.123298155562804,-0.3836706012814386,1
1.3020362124821037,-0.4989166005639662,1
2.1459196341963263,0.3671943969443132,1
-0.9897063739270092,0.1591166096958307,0
0.0709886485713168,0.1735129853504979,1
0.655399264896681,0.725732175635831,0
0.537335730511889,0.9659796657799936,0
0.1362595486003766,0.0090503971840897,1
1.1814752838727276,-0.3553222694194935,1
1.5613914445370007,-0.5533258958905007,1
-0.9441527318408576,0.6220727806532554,0
-0.7731456176032494,0.5350095357395149,0
0.2028932685764302,1.0529835905949454,0
1.946610995279767,-0.1283506626100593,1
0.2426463860242312,1.031963940128115,0
-0.1622890189223816,0.9813173622208264,0
-1.0210720619294371,0.2793646867141299,0
-0.7907545462758315,0.8148257106149206,0
